supplier,terminal_from,terminal_to,price_unit,quantity_twenty_original,quantity_twenty_current,quantity_forty_original,quantity_forty_current,whitelisted_clients,departure_date_start,departure_date_end,arrival_date_start,arrival_date_end,expiration_date,deleted_on
CMA-CGM,Terminal de France,SSA T-30,327,214,214,0,0,"Seaco,Textainer",2019-07-02,2019-07-05,2019-07-12,2019-07-18,2019-07-06,
Maersk,PSA Singapore Terminal,Pacific Container Terminal,326,368,368,0,0,"Seaco,Textainer",2019-07-02,2019-07-09,2019-07-22,2019-07-23,2019-07-10,
Hapaq-Lloyd,Deurganck Terminal Quays 1732-1742,Bukai,387,390,390,0,0,"Seaco,Textainer",2019-07-02,2019-07-06,2019-07-16,2019-07-18,2019-07-07,
Hapaq-Lloyd,Bukai,Guangzhou South China Ocean Gate,327,377,377,0,0,"Seaco,Textainer",2019-07-03,2019-07-04,2019-07-16,2019-07-18,2019-07-05,
CMA-CGM,Terminal de France,Terminal de France,482,165,165,0,0,"Seaco,Textainer",2019-07-03,2019-07-10,2019-07-19,2019-07-20,2019-07-11,
MSC,Yantian International Cont Terminal,Oak Intl Cont Term Berth 58/Z985,242,75,75,0,0,"Seaco,Textainer",2019-07-03,2019-07-07,2019-07-16,2019-07-18,2019-07-08,
CMA-CGM,Yantian International Cont Terminal,Wai Gao Qiao Terminal 2,171,411,411,0,0,"Seaco,Textainer",2019-07-03,2019-07-07,2019-07-18,2019-07-23,2019-07-08,
PIL,"Chiwan Container Terminal Co,Ltd",Container Terminal 2,211,142,142,0,0,"Seaco,Textainer",2019-07-03,2019-07-05,2019-07-19,2019-07-21,2019-07-06,
MSC,Bukai,Lianyungang Miaoling Port Area,343,317,317,0,0,"Seaco,Textainer",2019-07-05,2019-07-07,2019-07-20,2019-07-27,2019-07-08,
CMA-CGM,Algeciras - ML Terminal,Lianyungang Miaoling Port Area,518,232,232,0,0,"Seaco,Textainer",2019-07-05,2019-07-12,2019-07-25,2019-07-27,2019-07-13,
Maersk,Colombo International CT Terminal,Algeciras - ML Terminal,410,238,238,0,0,"Seaco,Textainer",2019-07-06,2019-07-07,2019-07-15,2019-07-23,2019-07-08,
CMA-CGM,Oak Intl Cont Term Berth 58/Z985,Deurganck Terminal Quays 1732-1742,457,397,397,0,0,"Seaco,Textainer",2019-07-06,2019-07-13,2019-07-24,2019-07-31,2019-07-14,
PIL,SCT 5,SCT 5,157,367,367,0,0,"Seaco,Textainer",2019-07-06,2019-07-08,2019-07-21,2019-07-28,2019-07-09,
CMA-CGM,SSA T-30,FELIXSTOWE TRINITY TERMINAL,265,187,187,0,0,"Seaco,Textainer",2019-07-07,2019-07-13,2019-07-25,2019-07-27,2019-07-14,
PIL,Terminal de France,EMC Terminal - 116,170,424,424,0,0,"Seaco,Textainer",2019-07-07,2019-07-10,2019-07-23,2019-07-31,2019-07-11,
MSC,SSA T-30,Bukai,305,317,317,0,0,"Seaco,Textainer",2019-07-08,2019-07-11,2019-07-23,2019-07-25,2019-07-12,
PIL,Ningbo Meishan Island International,EMC Terminal - 116,228,364,364,0,0,"Seaco,Textainer",2019-07-08,2019-07-10,2019-07-20,2019-07-26,2019-07-11,
Maersk,SSA T-30,Pacific Container Terminal,262,120,120,0,0,"Seaco,Textainer",2019-07-08,2019-07-10,2019-07-22,2019-07-26,2019-07-11,
Hapaq-Lloyd,Dedicated Delta South Terminal,Yantian International Cont Terminal,239,356,356,0,0,"Seaco,Textainer",2019-07-10,2019-07-12,2019-07-26,2019-08-02,2019-07-13,
Hapaq-Lloyd,SSA T-30,Dubai World,396,91,91,0,0,"Seaco,Textainer",2019-07-10,2019-07-16,2019-07-25,2019-07-29,2019-07-17,
CMA-CGM,Pacific Container Terminal,Port Vostochniy Terminal,438,311,311,0,0,"Seaco,Textainer",2019-07-10,2019-07-15,2019-07-27,2019-08-03,2019-07-16,
PIL,Oak Intl Cont Term Berth 58/Z985,Oak Intl Cont Term Berth 58/Z985,388,309,309,0,0,"Seaco,Textainer",2019-07-10,2019-07-13,2019-07-21,2019-07-25,2019-07-14,
CMA-CGM,Canal Zone Terminal,Eurogate Container Terminal,454,100,100,0,0,"Seaco,Textainer",2019-07-11,2019-07-12,2019-07-20,2019-07-24,2019-07-13,
CMA-CGM,Bukai,Guangzhou South China Ocean Gate,373,348,348,0,0,"Seaco,Textainer",2019-07-11,2019-07-12,2019-07-21,2019-07-26,2019-07-13,
PIL,Eurogate Container Terminal,Eurogate Container Terminal,182,162,162,0,0,"Seaco,Textainer",2019-07-11,2019-07-17,2019-07-30,2019-08-06,2019-07-18,
Hapaq-Lloyd,"Chiwan Container Terminal Co,Ltd",Algeciras - ML Terminal,336,111,111,0,0,"Seaco,Textainer",2019-07-12,2019-07-14,2019-07-21,2019-07-26,2019-07-15,
PIL,Eurogate Container Terminal,PSA Singapore Terminal,333,169,169,0,0,"Seaco,Textainer",2019-07-12,2019-07-17,2019-07-30,2019-08-04,2019-07-18,
MSC,Deurganck Terminal Quays 1732-1742,Bukai,398,138,138,0,0,"Seaco,Textainer",2019-07-14,2019-07-16,2019-07-26,2019-08-03,2019-07-17,
Hapaq-Lloyd,Lianyungang Miaoling Port Area,Algeciras - ML Terminal,389,181,181,0,0,"Seaco,Textainer",2019-07-14,2019-07-21,2019-08-04,2019-08-06,2019-07-22,
Hapaq-Lloyd,Oak Intl Cont Term Berth 58/Z985,PSA Singapore Terminal,343,277,277,0,0,"Seaco,Textainer",2019-07-14,2019-07-21,2019-08-01,2019-08-03,2019-07-22,
Maersk,Algeciras - ML Terminal,SCT 5,180,140,140,0,0,"Seaco,Textainer",2019-07-14,2019-07-19,2019-07-27,2019-08-02,2019-07-20,
PIL,"Chiwan Container Terminal Co,Ltd",Port Vostochniy Terminal,196,320,320,0,0,"Seaco,Textainer",2019-07-14,2019-07-16,2019-07-24,2019-07-29,2019-07-17,
MSC,Dubai World,Dubai World,417,342,342,0,0,"Seaco,Textainer",2019-07-15,2019-07-22,2019-08-01,2019-08-05,2019-07-23,
PIL,PSA Singapore Terminal,Canal Zone Terminal,420,71,71,0,0,"Seaco,Textainer",2019-07-15,2019-07-22,2019-08-03,2019-08-08,2019-07-23,
MSC,Terminal de France,EMC Terminal - 116,551,90,90,0,0,"Seaco,Textainer",2019-07-15,2019-07-21,2019-07-29,2019-08-04,2019-07-22,
PIL,Container Terminal,Dedicated Delta South Terminal,263,399,399,0,0,"Seaco,Textainer",2019-07-15,2019-07-20,2019-08-01,2019-08-05,2019-07-21,
Maersk,Dedicated Delta South Terminal,Bukai,193,161,161,0,0,"Seaco,Textainer",2019-07-15,2019-07-22,2019-08-02,2019-08-08,2019-07-23,
Hapaq-Lloyd,SSA T-30,PSA Singapore Terminal,189,224,224,0,0,"Seaco,Textainer",2019-07-16,2019-07-22,2019-07-30,2019-08-06,2019-07-23,
Maersk,Deurganck Terminal Quays 1732-1742,Wai Gao Qiao Terminal 2,369,363,363,0,0,"Seaco,Textainer",2019-07-16,2019-07-23,2019-08-04,2019-08-07,2019-07-24,
MSC,Hanjin Busan New Port Co. Ltd,SCT 5,312,329,329,0,0,"Seaco,Textainer",2019-07-17,2019-07-22,2019-07-31,2019-08-03,2019-07-23,
Hapaq-Lloyd,Dedicated Delta South Terminal,SSA T-30,242,345,345,0,0,"Seaco,Textainer",2019-07-17,2019-07-18,2019-07-31,2019-08-07,2019-07-19,
Hapaq-Lloyd,PSA Singapore Terminal,Dedicated Delta South Terminal,343,414,414,0,0,"Seaco,Textainer",2019-07-17,2019-07-21,2019-08-03,2019-08-07,2019-07-22,
PIL,Eurogate Container Terminal,Container Terminal,485,413,413,0,0,"Seaco,Textainer",2019-07-17,2019-07-20,2019-08-03,2019-08-07,2019-07-21,
Hapaq-Lloyd,Oak Intl Cont Term Berth 58/Z985,FELIXSTOWE TRINITY TERMINAL,535,243,243,0,0,"Seaco,Textainer",2019-07-17,2019-07-20,2019-08-03,2019-08-04,2019-07-21,
MSC,Dedicated Delta South Terminal,Canal Zone Terminal,498,424,424,0,0,"Seaco,Textainer",2019-07-17,2019-07-21,2019-07-30,2019-08-02,2019-07-22,
PIL,Port Vostochniy Terminal,Taipei Port Container Terminal Corp,325,216,216,0,0,"Seaco,Textainer",2019-07-18,2019-07-20,2019-07-28,2019-07-31,2019-07-21,
CMA-CGM,Ningbo Meishan Island International,SCT 5,214,354,354,0,0,"Seaco,Textainer",2019-07-18,2019-07-22,2019-08-02,2019-08-10,2019-07-23,
Maersk,Container Terminal,Guangzhou South China Ocean Gate,325,383,383,0,0,"Seaco,Textainer",2019-07-18,2019-07-22,2019-08-03,2019-08-09,2019-07-23,
CMA-CGM,Yantian International Cont Terminal,Dedicated Delta South Terminal,175,391,391,0,0,"Seaco,Textainer",2019-07-18,2019-07-25,2019-08-08,2019-08-15,2019-07-26,
Hapaq-Lloyd,Qingdao Qianwan Container Terminal,"Chiwan Container Terminal Co,Ltd",295,126,126,0,0,"Seaco,Textainer",2019-07-18,2019-07-22,2019-08-04,2019-08-11,2019-07-23,
Maersk,Yantian International Cont Terminal,Lianyungang Miaoling Port Area,532,298,298,0,0,"Seaco,Textainer",2019-07-18,2019-07-24,2019-08-01,2019-08-05,2019-07-25,
Maersk,Colombo International CT Terminal,"Chiwan Container Terminal Co,Ltd",447,427,427,0,0,"Seaco,Textainer",2019-07-19,2019-07-20,2019-07-30,2019-08-04,2019-07-21,
PIL,Port Vostochniy Terminal,Oak Intl Cont Term Berth 58/Z985,509,413,413,0,0,"Seaco,Textainer",2019-07-19,2019-07-22,2019-07-31,2019-08-03,2019-07-23,
Hapaq-Lloyd,FELIXSTOWE TRINITY TERMINAL,Hanjin Busan New Port Co. Ltd,284,277,277,0,0,"Seaco,Textainer",2019-07-20,2019-07-24,2019-08-01,2019-08-04,2019-07-25,
Maersk,Lianyungang Miaoling Port Area,Bukai,479,237,237,0,0,"Seaco,Textainer",2019-07-20,2019-07-26,2019-08-05,2019-08-12,2019-07-27,
CMA-CGM,Terminal de France,Wai Gao Qiao Terminal 2,404,319,319,0,0,"Seaco,Textainer",2019-07-21,2019-07-26,2019-08-03,2019-08-09,2019-07-27,
Hapaq-Lloyd,PSA Singapore Terminal,PSA Singapore Terminal,229,161,161,0,0,"Seaco,Textainer",2019-07-21,2019-07-27,2019-08-10,2019-08-12,2019-07-28,
Maersk,Terminal de France,SCT 5,364,393,393,0,0,"Seaco,Textainer",2019-07-22,2019-07-25,2019-08-08,2019-08-11,2019-07-26,
Maersk,EMC Terminal - 116,Lianyungang Miaoling Port Area,533,104,104,0,0,"Seaco,Textainer",2019-07-22,2019-07-28,2019-08-06,2019-08-13,2019-07-29,
MSC,EMC Terminal - 116,Lianyungang Miaoling Port Area,263,176,176,0,0,"Seaco,Textainer",2019-07-23,2019-07-26,2019-08-07,2019-08-11,2019-07-27,
Hapaq-Lloyd,Ningbo Meishan Island International,SCT 5,272,97,97,0,0,"Seaco,Textainer",2019-07-23,2019-07-28,2019-08-09,2019-08-11,2019-07-29,
PIL,SSA T-30,Terminal de France,546,290,290,0,0,"Seaco,Textainer",2019-07-24,2019-07-26,2019-08-06,2019-08-07,2019-07-27,
MSC,SSA T-30,SCT 5,319,149,149,0,0,"Seaco,Textainer",2019-07-24,2019-07-29,2019-08-08,2019-08-10,2019-07-30,
Maersk,Terminal de France,Taipei Port Container Terminal Corp,177,110,110,0,0,"Seaco,Textainer",2019-07-24,2019-07-29,2019-08-10,2019-08-16,2019-07-30,
CMA-CGM,SCT 5,Algeciras - ML Terminal,552,283,283,0,0,"Seaco,Textainer",2019-07-25,2019-07-29,2019-08-07,2019-08-14,2019-07-30,
CMA-CGM,Ningbo Meishan Island International,Yantian International Cont Terminal,200,360,360,0,0,"Seaco,Textainer",2019-07-25,2019-08-01,2019-08-10,2019-08-14,2019-08-02,
Maersk,"Chiwan Container Terminal Co,Ltd",FELIXSTOWE TRINITY TERMINAL,486,101,101,0,0,"Seaco,Textainer",2019-07-25,2019-07-26,2019-08-04,2019-08-09,2019-07-27,
Hapaq-Lloyd,Taipei Port Container Terminal Corp,"Chiwan Container Terminal Co,Ltd",411,426,426,0,0,"Seaco,Textainer",2019-07-25,2019-08-01,2019-08-08,2019-08-16,2019-08-02,
MSC,FELIXSTOWE TRINITY TERMINAL,Container Terminal,349,337,337,0,0,"Seaco,Textainer",2019-07-25,2019-07-27,2019-08-04,2019-08-06,2019-07-28,
MSC,Hanjin Busan New Port Co. Ltd,Eurogate Container Terminal,304,319,319,0,0,"Seaco,Textainer",2019-07-26,2019-07-27,2019-08-04,2019-08-08,2019-07-28,
PIL,Deurganck Terminal Quays 1732-1742,Eurogate Container Terminal,201,147,147,0,0,"Seaco,Textainer",2019-07-26,2019-07-27,2019-08-04,2019-08-06,2019-07-28,
PIL,PSA Singapore Terminal,Ningbo Meishan Island International,201,164,164,0,0,"Seaco,Textainer",2019-07-27,2019-07-29,2019-08-09,2019-08-15,2019-07-30,
MSC,SCT 5,Pacific Container Terminal,507,113,113,0,0,"Seaco,Textainer",2019-07-27,2019-08-01,2019-08-08,2019-08-12,2019-08-02,
MSC,Lianyungang Miaoling Port Area,Pacific Container Terminal,505,190,190,0,0,"Seaco,Textainer",2019-07-27,2019-08-02,2019-08-15,2019-08-23,2019-08-03,
CMA-CGM,EMC Terminal - 116,SSA T-30,454,344,344,0,0,"Seaco,Textainer",2019-07-29,2019-08-01,2019-08-13,2019-08-20,2019-08-02,
Hapaq-Lloyd,Hanjin Busan New Port Co. Ltd,Port Vostochniy Terminal,223,362,362,0,0,"Seaco,Textainer",2019-07-29,2019-08-05,2019-08-19,2019-08-24,2019-08-06,
CMA-CGM,"Chiwan Container Terminal Co,Ltd",Canal Zone Terminal,525,393,393,0,0,"Seaco,Textainer",2019-07-29,2019-08-01,2019-08-09,2019-08-17,2019-08-02,
Hapaq-Lloyd,Container Terminal,Container Terminal 2,247,358,358,0,0,"Seaco,Textainer",2019-07-30,2019-08-05,2019-08-18,2019-08-25,2019-08-06,
Maersk,Qingdao Qianwan Container Terminal,PSA Singapore Terminal,393,200,200,0,0,"Seaco,Textainer",2019-07-30,2019-08-04,2019-08-15,2019-08-17,2019-08-05,
Maersk,Guangzhou South China Ocean Gate,Pacific Container Terminal,210,146,146,0,0,"Seaco,Textainer",2019-07-30,2019-08-01,2019-08-09,2019-08-10,2019-08-02,
Hapaq-Lloyd,Dedicated Delta South Terminal,Canal Zone Terminal,207,105,105,0,0,"Seaco,Textainer",2019-07-31,2019-08-06,2019-08-20,2019-08-25,2019-08-07,
CMA-CGM,Port Vostochniy Terminal,Bukai,462,186,186,0,0,"Seaco,Textainer",2019-08-01,2019-08-04,2019-08-14,2019-08-18,2019-08-05,
CMA-CGM,Terminal de France,Wai Gao Qiao Terminal 2,492,86,86,0,0,"Seaco,Textainer",2019-08-01,2019-08-04,2019-08-15,2019-08-22,2019-08-05,
PIL,Canal Zone Terminal,Colombo International CT Terminal,348,308,308,0,0,"Seaco,Textainer",2019-08-01,2019-08-06,2019-08-13,2019-08-20,2019-08-07,
MSC,Qingdao Qianwan Container Terminal,Taipei Port Container Terminal Corp,290,104,104,0,0,"Seaco,Textainer",2019-08-02,2019-08-05,2019-08-16,2019-08-23,2019-08-06,
Hapaq-Lloyd,Yantian International Cont Terminal,SSA T-30,161,152,152,0,0,"Seaco,Textainer",2019-08-02,2019-08-06,2019-08-18,2019-08-20,2019-08-07,
Maersk,FELIXSTOWE TRINITY TERMINAL,Port Vostochniy Terminal,332,362,362,0,0,"Seaco,Textainer",2019-08-02,2019-08-07,2019-08-18,2019-08-21,2019-08-08,
Maersk,SSA T-30,Yantian International Cont Terminal,473,180,180,0,0,"Seaco,Textainer",2019-08-03,2019-08-04,2019-08-18,2019-08-23,2019-08-05,
MSC,"Chiwan Container Terminal Co,Ltd",FELIXSTOWE TRINITY TERMINAL,366,108,108,0,0,"Seaco,Textainer",2019-08-03,2019-08-08,2019-08-20,2019-08-28,2019-08-09,
CMA-CGM,Terminal de France,Wai Gao Qiao Terminal 2,178,87,87,0,0,"Seaco,Textainer",2019-08-03,2019-08-06,2019-08-17,2019-08-25,2019-08-07,
CMA-CGM,Canal Zone Terminal,Colombo International CT Terminal,219,93,93,0,0,"Seaco,Textainer",2019-08-03,2019-08-05,2019-08-18,2019-08-21,2019-08-06,
Maersk,Container Terminal 2,PSA Singapore Terminal,389,375,375,0,0,"Seaco,Textainer",2019-08-03,2019-08-09,2019-08-16,2019-08-17,2019-08-10,
CMA-CGM,Canal Zone Terminal,Deurganck Terminal Quays 1732-1742,423,428,428,0,0,"Seaco,Textainer",2019-08-04,2019-08-08,2019-08-17,2019-08-21,2019-08-09,
CMA-CGM,Pacific Container Terminal,Dubai World,251,341,341,0,0,"Seaco,Textainer",2019-08-04,2019-08-05,2019-08-16,2019-08-22,2019-08-06,
Maersk,Qingdao Qianwan Container Terminal,Terminal de France,342,246,246,0,0,"Seaco,Textainer",2019-08-05,2019-08-07,2019-08-20,2019-08-21,2019-08-08,
Maersk,Colombo International CT Terminal,Terminal de France,370,163,163,0,0,"Seaco,Textainer",2019-08-06,2019-08-13,2019-08-23,2019-08-28,2019-08-14,
Maersk,Canal Zone Terminal,Guangzhou South China Ocean Gate,462,217,217,0,0,"Seaco,Textainer",2019-08-06,2019-08-10,2019-08-19,2019-08-25,2019-08-11,
PIL,Yantian International Cont Terminal,Taipei Port Container Terminal Corp,416,226,226,0,0,"Seaco,Textainer",2019-08-06,2019-08-09,2019-08-17,2019-08-23,2019-08-10,
PIL,Dubai World,SCT 5,197,363,363,0,0,"Seaco,Textainer",2019-08-06,2019-08-13,2019-08-27,2019-09-03,2019-08-14,
PIL,Canal Zone Terminal,Deurganck Terminal Quays 1732-1742,532,170,170,0,0,"Seaco,Textainer",2019-08-07,2019-08-13,2019-08-27,2019-08-30,2019-08-14,
PIL,Lianyungang Miaoling Port Area,PSA Singapore Terminal,550,160,160,0,0,"Seaco,Textainer",2019-08-07,2019-08-09,2019-08-19,2019-08-21,2019-08-10,
Maersk,Wai Gao Qiao Terminal 2,Qingdao Qianwan Container Terminal,302,186,186,0,0,"Seaco,Textainer",2019-08-07,2019-08-08,2019-08-15,2019-08-20,2019-08-09,
Maersk,Colombo International CT Terminal,SCT 5,546,272,272,0,0,"Seaco,Textainer",2019-08-08,2019-08-12,2019-08-25,2019-08-31,2019-08-13,
MSC,PSA Singapore Terminal,Ningbo Meishan Island International,300,114,114,0,0,"Seaco,Textainer",2019-08-08,2019-08-15,2019-08-24,2019-08-26,2019-08-16,
PIL,Hanjin Busan New Port Co. Ltd,Hanjin Busan New Port Co. Ltd,370,389,389,0,0,"Seaco,Textainer",2019-08-08,2019-08-09,2019-08-22,2019-08-26,2019-08-10,
Hapaq-Lloyd,Oak Intl Cont Term Berth 58/Z985,Colombo International CT Terminal,317,109,109,0,0,"Seaco,Textainer",2019-08-08,2019-08-13,2019-08-27,2019-09-04,2019-08-14,
MSC,Container Terminal 2,PSA Singapore Terminal,437,164,164,0,0,"Seaco,Textainer",2019-08-08,2019-08-14,2019-08-27,2019-08-28,2019-08-15,
Maersk,Taipei Port Container Terminal Corp,Container Terminal,307,197,197,0,0,"Seaco,Textainer",2019-08-11,2019-08-15,2019-08-26,2019-08-29,2019-08-16,
CMA-CGM,Guangzhou South China Ocean Gate,Yantian International Cont Terminal,359,428,428,0,0,"Seaco,Textainer",2019-08-11,2019-08-18,2019-08-29,2019-09-06,2019-08-19,
PIL,Guangzhou South China Ocean Gate,Oak Intl Cont Term Berth 58/Z985,501,395,395,0,0,"Seaco,Textainer",2019-08-11,2019-08-16,2019-08-25,2019-08-31,2019-08-17,
CMA-CGM,Yantian International Cont Terminal,Dedicated Delta South Terminal,495,395,395,0,0,"Seaco,Textainer",2019-08-11,2019-08-13,2019-08-27,2019-08-30,2019-08-14,
MSC,Oak Intl Cont Term Berth 58/Z985,Lianyungang Miaoling Port Area,424,407,407,0,0,"Seaco,Textainer",2019-08-11,2019-08-16,2019-08-29,2019-08-31,2019-08-17,
PIL,Taipei Port Container Terminal Corp,Canal Zone Terminal,490,430,430,0,0,"Seaco,Textainer",2019-08-12,2019-08-15,2019-08-25,2019-08-31,2019-08-16,
Hapaq-Lloyd,Container Terminal,Container Terminal 2,190,267,267,0,0,"Seaco,Textainer",2019-08-12,2019-08-13,2019-08-25,2019-09-01,2019-08-14,
CMA-CGM,Container Terminal,PSA Singapore Terminal,175,301,301,0,0,"Seaco,Textainer",2019-08-13,2019-08-18,2019-08-29,2019-09-01,2019-08-19,
Hapaq-Lloyd,Hanjin Busan New Port Co. Ltd,Qingdao Qianwan Container Terminal,485,164,164,0,0,"Seaco,Textainer",2019-08-13,2019-08-15,2019-08-25,2019-09-01,2019-08-16,
PIL,EMC Terminal - 116,Ningbo Meishan Island International,256,224,224,0,0,"Seaco,Textainer",2019-08-13,2019-08-15,2019-08-25,2019-08-27,2019-08-16,
MSC,Pacific Container Terminal,Eurogate Container Terminal,226,266,266,0,0,"Seaco,Textainer",2019-08-14,2019-08-21,2019-08-28,2019-09-02,2019-08-22,
Maersk,Container Terminal,Qingdao Qianwan Container Terminal,194,251,251,0,0,"Seaco,Textainer",2019-08-14,2019-08-20,2019-09-01,2019-09-08,2019-08-21,
PIL,Terminal de France,Colombo International CT Terminal,196,427,427,0,0,"Seaco,Textainer",2019-08-14,2019-08-20,2019-09-01,2019-09-09,2019-08-21,
MSC,Guangzhou South China Ocean Gate,Yantian International Cont Terminal,194,235,235,0,0,"Seaco,Textainer",2019-08-14,2019-08-16,2019-08-25,2019-08-31,2019-08-17,
CMA-CGM,Colombo International CT Terminal,Colombo International CT Terminal,323,397,397,0,0,"Seaco,Textainer",2019-08-14,2019-08-16,2019-08-24,2019-09-01,2019-08-17,
PIL,Pacific Container Terminal,Dedicated Delta South Terminal,381,284,284,0,0,"Seaco,Textainer",2019-08-14,2019-08-21,2019-08-30,2019-09-06,2019-08-22,
Hapaq-Lloyd,Eurogate Container Terminal,Wai Gao Qiao Terminal 2,317,407,407,0,0,"Seaco,Textainer",2019-08-15,2019-08-20,2019-08-30,2019-09-04,2019-08-21,
Maersk,Dedicated Delta South Terminal,Taipei Port Container Terminal Corp,544,169,169,0,0,"Seaco,Textainer",2019-08-16,2019-08-21,2019-08-31,2019-09-04,2019-08-22,
PIL,Deurganck Terminal Quays 1732-1742,Wai Gao Qiao Terminal 2,371,402,402,0,0,"Seaco,Textainer",2019-08-16,2019-08-18,2019-08-27,2019-09-02,2019-08-19,
PIL,Pacific Container Terminal,Oak Intl Cont Term Berth 58/Z985,454,191,191,0,0,"Seaco,Textainer",2019-08-17,2019-08-18,2019-08-29,2019-09-02,2019-08-19,
Maersk,Algeciras - ML Terminal,FELIXSTOWE TRINITY TERMINAL,461,124,124,0,0,"Seaco,Textainer",2019-08-17,2019-08-24,2019-09-06,2019-09-12,2019-08-25,
Maersk,Guangzhou South China Ocean Gate,PSA Singapore Terminal,356,156,156,0,0,"Seaco,Textainer",2019-08-18,2019-08-23,2019-09-02,2019-09-06,2019-08-24,
MSC,Yantian International Cont Terminal,Colombo International CT Terminal,248,84,84,0,0,"Seaco,Textainer",2019-08-18,2019-08-20,2019-09-01,2019-09-07,2019-08-21,
Hapaq-Lloyd,Pacific Container Terminal,Ningbo Meishan Island International,179,175,175,0,0,"Seaco,Textainer",2019-08-18,2019-08-19,2019-09-01,2019-09-08,2019-08-20,
CMA-CGM,Oak Intl Cont Term Berth 58/Z985,Colombo International CT Terminal,363,189,189,0,0,"Seaco,Textainer",2019-08-19,2019-08-20,2019-09-02,2019-09-06,2019-08-21,
CMA-CGM,Lianyungang Miaoling Port Area,EMC Terminal - 116,490,229,229,0,0,"Seaco,Textainer",2019-08-19,2019-08-21,2019-09-02,2019-09-08,2019-08-22,
Maersk,Hanjin Busan New Port Co. Ltd,Ningbo Meishan Island International,447,263,263,0,0,"Seaco,Textainer",2019-08-20,2019-08-21,2019-09-03,2019-09-07,2019-08-22,
PIL,Wai Gao Qiao Terminal 2,Oak Intl Cont Term Berth 58/Z985,261,386,386,0,0,"Seaco,Textainer",2019-08-20,2019-08-22,2019-09-03,2019-09-08,2019-08-23,
PIL,Eurogate Container Terminal,"Chiwan Container Terminal Co,Ltd",390,220,220,0,0,"Seaco,Textainer",2019-08-21,2019-08-24,2019-09-02,2019-09-09,2019-08-25,
PIL,Algeciras - ML Terminal,Deurganck Terminal Quays 1732-1742,275,378,378,0,0,"Seaco,Textainer",2019-08-21,2019-08-24,2019-09-07,2019-09-09,2019-08-25,
MSC,Lianyungang Miaoling Port Area,Terminal de France,285,168,168,0,0,"Seaco,Textainer",2019-08-21,2019-08-28,2019-09-07,2019-09-13,2019-08-29,
Hapaq-Lloyd,Wai Gao Qiao Terminal 2,EMC Terminal - 116,363,157,157,0,0,"Seaco,Textainer",2019-08-21,2019-08-26,2019-09-07,2019-09-08,2019-08-27,
Maersk,Container Terminal,FELIXSTOWE TRINITY TERMINAL,377,388,388,0,0,"Seaco,Textainer",2019-08-22,2019-08-28,2019-09-10,2019-09-13,2019-08-29,
PIL,Hanjin Busan New Port Co. Ltd,Container Terminal,461,138,138,0,0,"Seaco,Textainer",2019-08-23,2019-08-24,2019-09-05,2019-09-07,2019-08-25,
CMA-CGM,Hanjin Busan New Port Co. Ltd,Colombo International CT Terminal,243,203,203,0,0,"Seaco,Textainer",2019-08-23,2019-08-26,2019-09-07,2019-09-09,2019-08-27,
MSC,EMC Terminal - 116,Dubai World,152,101,101,0,0,"Seaco,Textainer",2019-08-23,2019-08-30,2019-09-12,2019-09-15,2019-08-31,
CMA-CGM,SCT 5,Container Terminal,552,261,261,0,0,"Seaco,Textainer",2019-08-23,2019-08-26,2019-09-04,2019-09-08,2019-08-27,
MSC,SCT 5,Port Vostochniy Terminal,194,115,115,0,0,"Seaco,Textainer",2019-08-24,2019-08-29,2019-09-11,2019-09-17,2019-08-30,
CMA-CGM,Eurogate Container Terminal,Lianyungang Miaoling Port Area,236,299,299,0,0,"Seaco,Textainer",2019-08-24,2019-08-29,2019-09-10,2019-09-12,2019-08-30,
PIL,Ningbo Meishan Island International,Taipei Port Container Terminal Corp,471,284,284,0,0,"Seaco,Textainer",2019-08-25,2019-08-31,2019-09-12,2019-09-13,2019-09-01,
Maersk,Oak Intl Cont Term Berth 58/Z985,Lianyungang Miaoling Port Area,367,390,390,0,0,"Seaco,Textainer",2019-08-26,2019-09-01,2019-09-15,2019-09-18,2019-09-02,
CMA-CGM,Oak Intl Cont Term Berth 58/Z985,Guangzhou South China Ocean Gate,171,295,295,0,0,"Seaco,Textainer",2019-08-26,2019-08-30,2019-09-07,2019-09-11,2019-08-31,
PIL,Container Terminal,Port Vostochniy Terminal,367,234,234,0,0,"Seaco,Textainer",2019-08-26,2019-08-27,2019-09-05,2019-09-12,2019-08-28,
Hapaq-Lloyd,Pacific Container Terminal,Dubai World,419,72,72,0,0,"Seaco,Textainer",2019-08-26,2019-08-27,2019-09-09,2019-09-12,2019-08-28,
Hapaq-Lloyd,Terminal de France,Container Terminal,263,294,294,0,0,"Seaco,Textainer",2019-08-26,2019-08-29,2019-09-08,2019-09-13,2019-08-30,
Hapaq-Lloyd,Container Terminal,FELIXSTOWE TRINITY TERMINAL,258,391,391,0,0,"Seaco,Textainer",2019-08-27,2019-09-03,2019-09-17,2019-09-21,2019-09-04,
PIL,"Chiwan Container Terminal Co,Ltd",Container Terminal 2,407,96,96,0,0,"Seaco,Textainer",2019-08-27,2019-09-02,2019-09-12,2019-09-17,2019-09-03,
CMA-CGM,"Chiwan Container Terminal Co,Ltd",Qingdao Qianwan Container Terminal,463,418,418,0,0,"Seaco,Textainer",2019-08-27,2019-08-30,2019-09-07,2019-09-12,2019-08-31,
Hapaq-Lloyd,Qingdao Qianwan Container Terminal,Yantian International Cont Terminal,258,95,95,0,0,"Seaco,Textainer",2019-08-28,2019-09-03,2019-09-11,2019-09-14,2019-09-04,
CMA-CGM,Dubai World,Lianyungang Miaoling Port Area,237,262,262,0,0,"Seaco,Textainer",2019-08-28,2019-09-04,2019-09-12,2019-09-16,2019-09-05,
MSC,FELIXSTOWE TRINITY TERMINAL,Canal Zone Terminal,214,203,203,0,0,"Seaco,Textainer",2019-08-28,2019-09-01,2019-09-11,2019-09-14,2019-09-02,
PIL,SCT 5,Algeciras - ML Terminal,501,254,254,0,0,"Seaco,Textainer",2019-08-29,2019-09-05,2019-09-13,2019-09-20,2019-09-06,
PIL,EMC Terminal - 116,FELIXSTOWE TRINITY TERMINAL,310,194,194,0,0,"Seaco,Textainer",2019-08-29,2019-08-30,2019-09-07,2019-09-14,2019-08-31,
Hapaq-Lloyd,Dedicated Delta South Terminal,Qingdao Qianwan Container Terminal,526,402,402,0,0,"Seaco,Textainer",2019-08-29,2019-09-02,2019-09-16,2019-09-18,2019-09-03,
PIL,Dedicated Delta South Terminal,Container Terminal,172,163,163,0,0,"Seaco,Textainer",2019-08-31,2019-09-03,2019-09-14,2019-09-16,2019-09-04,
Maersk,Port Vostochniy Terminal,Wai Gao Qiao Terminal 2,378,186,186,0,0,"Seaco,Textainer",2019-08-31,2019-09-03,2019-09-16,2019-09-17,2019-09-04,
MSC,FELIXSTOWE TRINITY TERMINAL,Yantian International Cont Terminal,516,96,96,0,0,"Seaco,Textainer",2019-09-01,2019-09-08,2019-09-17,2019-09-19,2019-09-09,
Maersk,Algeciras - ML Terminal,Colombo International CT Terminal,207,394,394,0,0,"Seaco,Textainer",2019-09-01,2019-09-04,2019-09-16,2019-09-20,2019-09-05,
Maersk,Dubai World,SSA T-30,231,151,151,0,0,"Seaco,Textainer",2019-09-01,2019-09-08,2019-09-21,2019-09-24,2019-09-09,
Maersk,Port Vostochniy Terminal,Port Vostochniy Terminal,394,133,133,0,0,"Seaco,Textainer",2019-09-03,2019-09-09,2019-09-16,2019-09-20,2019-09-10,
MSC,Dubai World,Taipei Port Container Terminal Corp,410,82,82,0,0,"Seaco,Textainer",2019-09-03,2019-09-09,2019-09-22,2019-09-29,2019-09-10,
Hapaq-Lloyd,Wai Gao Qiao Terminal 2,Algeciras - ML Terminal,191,308,308,0,0,"Seaco,Textainer",2019-09-03,2019-09-10,2019-09-23,2019-09-25,2019-09-11,
Maersk,Taipei Port Container Terminal Corp,Container Terminal 2,556,399,399,0,0,"Seaco,Textainer",2019-09-04,2019-09-05,2019-09-19,2019-09-24,2019-09-06,
CMA-CGM,Qingdao Qianwan Container Terminal,Port Vostochniy Terminal,190,310,310,0,0,"Seaco,Textainer",2019-09-04,2019-09-06,2019-09-16,2019-09-17,2019-09-07,
CMA-CGM,Wai Gao Qiao Terminal 2,Guangzhou South China Ocean Gate,453,276,276,0,0,"Seaco,Textainer",2019-09-04,2019-09-10,2019-09-22,2019-09-29,2019-09-11,
Hapaq-Lloyd,Canal Zone Terminal,SCT 5,470,73,73,0,0,"Seaco,Textainer",2019-09-05,2019-09-08,2019-09-19,2019-09-27,2019-09-09,
PIL,Port Vostochniy Terminal,Colombo International CT Terminal,553,409,409,0,0,"Seaco,Textainer",2019-09-05,2019-09-06,2019-09-15,2019-09-17,2019-09-07,
Hapaq-Lloyd,Container Terminal 2,PSA Singapore Terminal,540,268,268,0,0,"Seaco,Textainer",2019-09-05,2019-09-06,2019-09-17,2019-09-23,2019-09-07,
CMA-CGM,Dedicated Delta South Terminal,Container Terminal 2,182,390,390,0,0,"Seaco,Textainer",2019-09-06,2019-09-08,2019-09-17,2019-09-18,2019-09-09,
PIL,Algeciras - ML Terminal,Hanjin Busan New Port Co. Ltd,540,297,297,0,0,"Seaco,Textainer",2019-09-06,2019-09-11,2019-09-23,2019-10-01,2019-09-12,
Maersk,Bukai,Container Terminal,280,151,151,0,0,"Seaco,Textainer",2019-09-06,2019-09-08,2019-09-16,2019-09-24,2019-09-09,
CMA-CGM,Container Terminal,Deurganck Terminal Quays 1732-1742,386,277,277,0,0,"Seaco,Textainer",2019-09-06,2019-09-13,2019-09-23,2019-09-24,2019-09-14,
CMA-CGM,Algeciras - ML Terminal,Container Terminal 2,538,397,397,0,0,"Seaco,Textainer",2019-09-06,2019-09-13,2019-09-24,2019-09-30,2019-09-14,
Hapaq-Lloyd,Algeciras - ML Terminal,Deurganck Terminal Quays 1732-1742,174,72,72,0,0,"Seaco,Textainer",2019-09-07,2019-09-09,2019-09-16,2019-09-23,2019-09-10,
MSC,Yantian International Cont Terminal,Dedicated Delta South Terminal,290,296,296,0,0,"Seaco,Textainer",2019-09-08,2019-09-11,2019-09-18,2019-09-23,2019-09-12,
CMA-CGM,EMC Terminal - 116,Hanjin Busan New Port Co. Ltd,222,105,105,0,0,"Seaco,Textainer",2019-09-08,2019-09-15,2019-09-24,2019-09-27,2019-09-16,
CMA-CGM,Terminal de France,Wai Gao Qiao Terminal 2,491,121,121,0,0,"Seaco,Textainer",2019-09-09,2019-09-16,2019-09-24,2019-09-30,2019-09-17,
CMA-CGM,FELIXSTOWE TRINITY TERMINAL,"Chiwan Container Terminal Co,Ltd",465,202,202,0,0,"Seaco,Textainer",2019-09-09,2019-09-11,2019-09-21,2019-09-26,2019-09-12,
PIL,Guangzhou South China Ocean Gate,Algeciras - ML Terminal,280,342,342,0,0,"Seaco,Textainer",2019-09-09,2019-09-14,2019-09-24,2019-09-28,2019-09-15,
Maersk,Hanjin Busan New Port Co. Ltd,Pacific Container Terminal,156,77,77,0,0,"Seaco,Textainer",2019-09-10,2019-09-12,2019-09-23,2019-09-27,2019-09-13,
Hapaq-Lloyd,SCT 5,Canal Zone Terminal,243,383,383,0,0,"Seaco,Textainer",2019-09-10,2019-09-15,2019-09-23,2019-09-25,2019-09-16,
MSC,Dedicated Delta South Terminal,Dubai World,207,94,94,0,0,"Seaco,Textainer",2019-09-11,2019-09-18,2019-09-28,2019-10-02,2019-09-19,
PIL,Container Terminal,Colombo International CT Terminal,423,352,352,0,0,"Seaco,Textainer",2019-09-11,2019-09-18,2019-09-29,2019-10-06,2019-09-19,
CMA-CGM,Oak Intl Cont Term Berth 58/Z985,EMC Terminal - 116,328,316,316,0,0,"Seaco,Textainer",2019-09-11,2019-09-14,2019-09-23,2019-09-25,2019-09-15,
CMA-CGM,Container Terminal 2,Wai Gao Qiao Terminal 2,501,164,164,0,0,"Seaco,Textainer",2019-09-11,2019-09-16,2019-09-26,2019-09-30,2019-09-17,
MSC,Pacific Container Terminal,SSA T-30,401,150,150,0,0,"Seaco,Textainer",2019-09-11,2019-09-17,2019-09-30,2019-10-07,2019-09-18,
Maersk,Yantian International Cont Terminal,Lianyungang Miaoling Port Area,280,331,331,0,0,"Seaco,Textainer",2019-09-12,2019-09-19,2019-09-28,2019-10-02,2019-09-20,
CMA-CGM,Port Vostochniy Terminal,"Chiwan Container Terminal Co,Ltd",484,323,323,0,0,"Seaco,Textainer",2019-09-13,2019-09-15,2019-09-22,2019-09-28,2019-09-16,
MSC,Eurogate Container Terminal,Canal Zone Terminal,310,162,162,0,0,"Seaco,Textainer",2019-09-13,2019-09-18,2019-09-26,2019-10-01,2019-09-19,
CMA-CGM,"Chiwan Container Terminal Co,Ltd",FELIXSTOWE TRINITY TERMINAL,245,270,270,0,0,"Seaco,Textainer",2019-09-13,2019-09-16,2019-09-30,2019-10-03,2019-09-17,
PIL,EMC Terminal - 116,Container Terminal,206,227,227,0,0,"Seaco,Textainer",2019-09-13,2019-09-15,2019-09-22,2019-09-24,2019-09-16,
PIL,Guangzhou South China Ocean Gate,Dedicated Delta South Terminal,412,386,386,0,0,"Seaco,Textainer",2019-09-14,2019-09-21,2019-10-02,2019-10-06,2019-09-22,
PIL,Lianyungang Miaoling Port Area,Pacific Container Terminal,170,364,364,0,0,"Seaco,Textainer",2019-09-15,2019-09-20,2019-09-28,2019-10-06,2019-09-21,
Maersk,Deurganck Terminal Quays 1732-1742,Deurganck Terminal Quays 1732-1742,450,103,103,0,0,"Seaco,Textainer",2019-09-15,2019-09-16,2019-09-28,2019-09-30,2019-09-17,
Maersk,Dedicated Delta South Terminal,Ningbo Meishan Island International,208,265,265,0,0,"Seaco,Textainer",2019-09-16,2019-09-20,2019-10-02,2019-10-04,2019-09-21,
PIL,Colombo International CT Terminal,Hanjin Busan New Port Co. Ltd,481,124,124,0,0,"Seaco,Textainer",2019-09-16,2019-09-21,2019-09-30,2019-10-04,2019-09-22,
Maersk,FELIXSTOWE TRINITY TERMINAL,Port Vostochniy Terminal,402,118,118,0,0,"Seaco,Textainer",2019-09-16,2019-09-19,2019-10-01,2019-10-08,2019-09-20,
Maersk,Guangzhou South China Ocean Gate,Ningbo Meishan Island International,325,71,71,0,0,"Seaco,Textainer",2019-09-17,2019-09-22,2019-10-05,2019-10-08,2019-09-23,
CMA-CGM,EMC Terminal - 116,Port Vostochniy Terminal,216,259,259,0,0,"Seaco,Textainer",2019-09-17,2019-09-19,2019-10-03,2019-10-04,2019-09-20,
MSC,Canal Zone Terminal,Bukai,282,423,423,0,0,"Seaco,Textainer",2019-09-17,2019-09-18,2019-09-26,2019-10-02,2019-09-19,
CMA-CGM,Dedicated Delta South Terminal,PSA Singapore Terminal,458,146,146,0,0,"Seaco,Textainer",2019-09-17,2019-09-23,2019-10-07,2019-10-09,2019-09-24,
Maersk,Ningbo Meishan Island International,FELIXSTOWE TRINITY TERMINAL,455,238,238,0,0,"Seaco,Textainer",2019-09-18,2019-09-24,2019-10-02,2019-10-04,2019-09-25,
CMA-CGM,Colombo International CT Terminal,PSA Singapore Terminal,298,304,304,0,0,"Seaco,Textainer",2019-09-18,2019-09-20,2019-09-30,2019-10-04,2019-09-21,
Maersk,Colombo International CT Terminal,Dubai World,262,124,124,0,0,"Seaco,Textainer",2019-09-18,2019-09-25,2019-10-04,2019-10-05,2019-09-26,
PIL,Yantian International Cont Terminal,Yantian International Cont Terminal,231,305,305,0,0,"Seaco,Textainer",2019-09-18,2019-09-22,2019-10-01,2019-10-08,2019-09-23,
CMA-CGM,Dubai World,Pacific Container Terminal,325,331,331,0,0,"Seaco,Textainer",2019-09-18,2019-09-23,2019-09-30,2019-10-05,2019-09-24,
MSC,"Chiwan Container Terminal Co,Ltd",Deurganck Terminal Quays 1732-1742,230,294,294,0,0,"Seaco,Textainer",2019-09-18,2019-09-19,2019-10-01,2019-10-09,2019-09-20,
Hapaq-Lloyd,Yantian International Cont Terminal,Oak Intl Cont Term Berth 58/Z985,264,168,168,0,0,"Seaco,Textainer",2019-09-20,2019-09-26,2019-10-05,2019-10-13,2019-09-27,
PIL,SSA T-30,"Chiwan Container Terminal Co,Ltd",318,229,229,0,0,"Seaco,Textainer",2019-09-20,2019-09-21,2019-10-03,2019-10-05,2019-09-22,
CMA-CGM,Yantian International Cont Terminal,SCT 5,417,401,401,0,0,"Seaco,Textainer",2019-09-20,2019-09-25,2019-10-09,2019-10-15,2019-09-26,
MSC,SCT 5,Ningbo Meishan Island International,425,169,169,0,0,"Seaco,Textainer",2019-09-20,2019-09-27,2019-10-08,2019-10-14,2019-09-28,
MSC,Canal Zone Terminal,Terminal de France,209,264,264,0,0,"Seaco,Textainer",2019-09-21,2019-09-22,2019-10-03,2019-10-09,2019-09-23,
Maersk,Dubai World,Qingdao Qianwan Container Terminal,261,278,278,0,0,"Seaco,Textainer",2019-09-21,2019-09-24,2019-10-07,2019-10-09,2019-09-25,
MSC,SSA T-30,Colombo International CT Terminal,313,182,182,0,0,"Seaco,Textainer",2019-09-22,2019-09-29,2019-10-11,2019-10-14,2019-09-30,
Maersk,Pacific Container Terminal,Eurogate Container Terminal,191,303,303,0,0,"Seaco,Textainer",2019-09-22,2019-09-25,2019-10-05,2019-10-13,2019-09-26,
PIL,Eurogate Container Terminal,Oak Intl Cont Term Berth 58/Z985,209,406,406,0,0,"Seaco,Textainer",2019-09-22,2019-09-24,2019-10-06,2019-10-13,2019-09-25,
Hapaq-Lloyd,Container Terminal 2,EMC Terminal - 116,438,274,274,0,0,"Seaco,Textainer",2019-09-23,2019-09-29,2019-10-10,2019-10-18,2019-09-30,
PIL,Guangzhou South China Ocean Gate,Ningbo Meishan Island International,475,125,125,0,0,"Seaco,Textainer",2019-09-23,2019-09-25,2019-10-04,2019-10-08,2019-09-26,
MSC,SCT 5,Container Terminal,252,140,140,0,0,"Seaco,Textainer",2019-09-24,2019-09-29,2019-10-09,2019-10-15,2019-09-30,
Hapaq-Lloyd,Canal Zone Terminal,"Chiwan Container Terminal Co,Ltd",494,331,331,0,0,"Seaco,Textainer",2019-09-24,2019-09-29,2019-10-11,2019-10-18,2019-09-30,
Maersk,Dubai World,Dubai World,264,220,220,0,0,"Seaco,Textainer",2019-09-25,2019-09-27,2019-10-04,2019-10-10,2019-09-28,
PIL,Pacific Container Terminal,Guangzhou South China Ocean Gate,455,403,403,0,0,"Seaco,Textainer",2019-09-26,2019-09-27,2019-10-08,2019-10-10,2019-09-28,
MSC,Terminal de France,Container Terminal 2,203,220,220,0,0,"Seaco,Textainer",2019-09-27,2019-09-28,2019-10-08,2019-10-15,2019-09-29,
Maersk,Dedicated Delta South Terminal,Colombo International CT Terminal,548,160,160,0,0,"Seaco,Textainer",2019-09-27,2019-10-02,2019-10-13,2019-10-16,2019-10-03,
MSC,Oak Intl Cont Term Berth 58/Z985,Taipei Port Container Terminal Corp,517,295,295,0,0,"Seaco,Textainer",2019-09-27,2019-10-01,2019-10-11,2019-10-15,2019-10-02,
CMA-CGM,SCT 5,PSA Singapore Terminal,263,214,214,0,0,"Seaco,Textainer",2019-09-27,2019-09-30,2019-10-12,2019-10-15,2019-10-01,
PIL,Colombo International CT Terminal,Port Vostochniy Terminal,312,339,339,0,0,"Seaco,Textainer",2019-09-27,2019-09-28,2019-10-06,2019-10-12,2019-09-29,
MSC,SSA T-30,FELIXSTOWE TRINITY TERMINAL,301,365,365,0,0,"Seaco,Textainer",2019-09-27,2019-09-30,2019-10-10,2019-10-17,2019-10-01,
CMA-CGM,Deurganck Terminal Quays 1732-1742,Terminal de France,512,345,345,0,0,"Seaco,Textainer",2019-09-28,2019-10-03,2019-10-10,2019-10-12,2019-10-04,
CMA-CGM,FELIXSTOWE TRINITY TERMINAL,Dedicated Delta South Terminal,435,367,367,0,0,"Seaco,Textainer",2019-09-28,2019-10-01,2019-10-09,2019-10-11,2019-10-02,
PIL,Qingdao Qianwan Container Terminal,Ningbo Meishan Island International,315,192,192,0,0,"Seaco,Textainer",2019-09-28,2019-10-04,2019-10-14,2019-10-17,2019-10-05,
PIL,Bukai,Dubai World,438,250,250,0,0,"Seaco,Textainer",2019-09-28,2019-10-02,2019-10-11,2019-10-14,2019-10-03,
PIL,Algeciras - ML Terminal,Algeciras - ML Terminal,218,108,108,0,0,"Seaco,Textainer",2019-09-29,2019-09-30,2019-10-11,2019-10-19,2019-10-01,
Maersk,EMC Terminal - 116,Dedicated Delta South Terminal,428,128,128,0,0,"Seaco,Textainer",2019-09-30,2019-10-07,2019-10-21,2019-10-23,2019-10-08,
CMA-CGM,Lianyungang Miaoling Port Area,Qingdao Qianwan Container Terminal,436,396,396,0,0,"Seaco,Textainer",2019-09-30,2019-10-02,2019-10-11,2019-10-19,2019-10-03,
MSC,EMC Terminal - 116,Port Vostochniy Terminal,194,168,168,0,0,"Seaco,Textainer",2019-10-01,2019-10-06,2019-10-16,2019-10-20,2019-10-07,
Hapaq-Lloyd,Container Terminal,Oak Intl Cont Term Berth 58/Z985,291,364,364,0,0,"Seaco,Textainer",2019-10-01,2019-10-07,2019-10-16,2019-10-19,2019-10-08,
MSC,Container Terminal 2,Canal Zone Terminal,395,408,408,0,0,"Seaco,Textainer",2019-10-01,2019-10-03,2019-10-14,2019-10-20,2019-10-04,
CMA-CGM,"Chiwan Container Terminal Co,Ltd",Eurogate Container Terminal,178,316,316,0,0,"Seaco,Textainer",2019-10-01,2019-10-03,2019-10-16,2019-10-18,2019-10-04,
PIL,Ningbo Meishan Island International,Bukai,225,250,250,0,0,"Seaco,Textainer",2019-10-01,2019-10-03,2019-10-12,2019-10-18,2019-10-04,
MSC,FELIXSTOWE TRINITY TERMINAL,Dedicated Delta South Terminal,351,194,194,0,0,"Seaco,Textainer",2019-10-04,2019-10-07,2019-10-16,2019-10-22,2019-10-08,
Maersk,Guangzhou South China Ocean Gate,Yantian International Cont Terminal,179,185,185,0,0,"Seaco,Textainer",2019-10-04,2019-10-07,2019-10-17,2019-10-22,2019-10-08,
CMA-CGM,Hanjin Busan New Port Co. Ltd,Wai Gao Qiao Terminal 2,161,407,407,0,0,"Seaco,Textainer",2019-10-04,2019-10-09,2019-10-21,2019-10-23,2019-10-10,
Maersk,Pacific Container Terminal,Ningbo Meishan Island International,411,270,270,0,0,"Seaco,Textainer",2019-10-05,2019-10-10,2019-10-21,2019-10-26,2019-10-11,
MSC,Container Terminal,Pacific Container Terminal,279,426,426,0,0,"Seaco,Textainer",2019-10-05,2019-10-08,2019-10-15,2019-10-19,2019-10-09,
CMA-CGM,SCT 5,Yantian International Cont Terminal,301,81,81,0,0,"Seaco,Textainer",2019-10-05,2019-10-11,2019-10-22,2019-10-23,2019-10-12,
CMA-CGM,Ningbo Meishan Island International,Colombo International CT Terminal,217,123,123,0,0,"Seaco,Textainer",2019-10-05,2019-10-08,2019-10-20,2019-10-21,2019-10-09,
Hapaq-Lloyd,Wai Gao Qiao Terminal 2,SCT 5,479,95,95,0,0,"Seaco,Textainer",2019-10-05,2019-10-09,2019-10-18,2019-10-25,2019-10-10,
MSC,Pacific Container Terminal,Bukai,336,361,361,0,0,"Seaco,Textainer",2019-10-05,2019-10-06,2019-10-15,2019-10-20,2019-10-07,
Hapaq-Lloyd,Wai Gao Qiao Terminal 2,EMC Terminal - 116,301,241,241,0,0,"Seaco,Textainer",2019-10-06,2019-10-10,2019-10-23,2019-10-26,2019-10-11,
MSC,Bukai,Taipei Port Container Terminal Corp,556,218,218,0,0,"Seaco,Textainer",2019-10-06,2019-10-08,2019-10-16,2019-10-21,2019-10-09,
PIL,Oak Intl Cont Term Berth 58/Z985,Colombo International CT Terminal,445,201,201,0,0,"Seaco,Textainer",2019-10-06,2019-10-10,2019-10-21,2019-10-28,2019-10-11,
CMA-CGM,Port Vostochniy Terminal,Eurogate Container Terminal,391,352,352,0,0,"Seaco,Textainer",2019-10-06,2019-10-12,2019-10-22,2019-10-26,2019-10-13,
Maersk,Ningbo Meishan Island International,Algeciras - ML Terminal,453,362,362,0,0,"Seaco,Textainer",2019-10-07,2019-10-08,2019-10-15,2019-10-17,2019-10-09,
Maersk,Taipei Port Container Terminal Corp,Dedicated Delta South Terminal,397,170,170,0,0,"Seaco,Textainer",2019-10-07,2019-10-10,2019-10-18,2019-10-19,2019-10-11,
MSC,FELIXSTOWE TRINITY TERMINAL,Pacific Container Terminal,400,141,141,0,0,"Seaco,Textainer",2019-10-07,2019-10-11,2019-10-19,2019-10-25,2019-10-12,
Maersk,Algeciras - ML Terminal,Port Vostochniy Terminal,468,305,305,0,0,"Seaco,Textainer",2019-10-08,2019-10-11,2019-10-19,2019-10-23,2019-10-12,
CMA-CGM,Port Vostochniy Terminal,"Chiwan Container Terminal Co,Ltd",203,97,97,0,0,"Seaco,Textainer",2019-10-08,2019-10-11,2019-10-23,2019-10-25,2019-10-12,
PIL,Hanjin Busan New Port Co. Ltd,SCT 5,205,278,278,0,0,"Seaco,Textainer",2019-10-08,2019-10-12,2019-10-21,2019-10-26,2019-10-13,
CMA-CGM,SCT 5,Yantian International Cont Terminal,405,411,411,0,0,"Seaco,Textainer",2019-10-08,2019-10-11,2019-10-24,2019-10-30,2019-10-12,
PIL,"Chiwan Container Terminal Co,Ltd",SSA T-30,180,346,346,0,0,"Seaco,Textainer",2019-10-09,2019-10-14,2019-10-28,2019-11-03,2019-10-15,
Maersk,Canal Zone Terminal,Hanjin Busan New Port Co. Ltd,213,391,391,0,0,"Seaco,Textainer",2019-10-09,2019-10-15,2019-10-23,2019-10-26,2019-10-16,
PIL,Port Vostochniy Terminal,Terminal de France,186,204,204,0,0,"Seaco,Textainer",2019-10-09,2019-10-11,2019-10-23,2019-10-30,2019-10-12,
CMA-CGM,Dubai World,Canal Zone Terminal,543,329,329,0,0,"Seaco,Textainer",2019-10-10,2019-10-12,2019-10-25,2019-10-30,2019-10-13,
PIL,Lianyungang Miaoling Port Area,Eurogate Container Terminal,169,180,180,0,0,"Seaco,Textainer",2019-10-11,2019-10-13,2019-10-21,2019-10-24,2019-10-14,
Hapaq-Lloyd,Pacific Container Terminal,Colombo International CT Terminal,294,429,429,0,0,"Seaco,Textainer",2019-10-11,2019-10-18,2019-10-27,2019-10-28,2019-10-19,
MSC,Port Vostochniy Terminal,PSA Singapore Terminal,418,134,134,0,0,"Seaco,Textainer",2019-10-12,2019-10-13,2019-10-24,2019-11-01,2019-10-14,
Maersk,Dedicated Delta South Terminal,EMC Terminal - 116,239,387,387,0,0,"Seaco,Textainer",2019-10-13,2019-10-18,2019-10-29,2019-11-01,2019-10-19,
Maersk,"Chiwan Container Terminal Co,Ltd",Colombo International CT Terminal,429,156,156,0,0,"Seaco,Textainer",2019-10-15,2019-10-19,2019-10-27,2019-11-03,2019-10-20,
Hapaq-Lloyd,Dedicated Delta South Terminal,Port Vostochniy Terminal,280,382,382,0,0,"Seaco,Textainer",2019-10-15,2019-10-18,2019-10-31,2019-11-02,2019-10-19,
CMA-CGM,SSA T-30,Canal Zone Terminal,512,362,362,0,0,"Seaco,Textainer",2019-10-15,2019-10-16,2019-10-27,2019-11-02,2019-10-17,
Hapaq-Lloyd,PSA Singapore Terminal,Qingdao Qianwan Container Terminal,496,106,106,0,0,"Seaco,Textainer",2019-10-16,2019-10-21,2019-10-29,2019-10-31,2019-10-22,
MSC,Terminal de France,Port Vostochniy Terminal,496,114,114,0,0,"Seaco,Textainer",2019-10-16,2019-10-18,2019-10-27,2019-10-31,2019-10-19,
PIL,Dedicated Delta South Terminal,Yantian International Cont Terminal,542,107,107,0,0,"Seaco,Textainer",2019-10-17,2019-10-19,2019-10-31,2019-11-03,2019-10-20,
PIL,Yantian International Cont Terminal,Wai Gao Qiao Terminal 2,322,412,412,0,0,"Seaco,Textainer",2019-10-17,2019-10-23,2019-11-02,2019-11-06,2019-10-24,
CMA-CGM,SSA T-30,Guangzhou South China Ocean Gate,193,409,409,0,0,"Seaco,Textainer",2019-10-18,2019-10-23,2019-11-05,2019-11-13,2019-10-24,
Maersk,EMC Terminal - 116,PSA Singapore Terminal,171,410,410,0,0,"Seaco,Textainer",2019-10-18,2019-10-19,2019-10-30,2019-11-06,2019-10-20,
Maersk,Dedicated Delta South Terminal,Algeciras - ML Terminal,476,243,243,0,0,"Seaco,Textainer",2019-10-18,2019-10-21,2019-10-31,2019-11-06,2019-10-22,
CMA-CGM,"Chiwan Container Terminal Co,Ltd",Deurganck Terminal Quays 1732-1742,435,132,132,0,0,"Seaco,Textainer",2019-10-18,2019-10-20,2019-10-28,2019-10-29,2019-10-21,
PIL,Eurogate Container Terminal,Guangzhou South China Ocean Gate,398,176,176,0,0,"Seaco,Textainer",2019-10-18,2019-10-23,2019-11-03,2019-11-10,2019-10-24,
PIL,Hanjin Busan New Port Co. Ltd,Hanjin Busan New Port Co. Ltd,275,383,383,0,0,"Seaco,Textainer",2019-10-19,2019-10-24,2019-11-02,2019-11-05,2019-10-25,
PIL,SCT 5,Container Terminal,168,144,144,0,0,"Seaco,Textainer",2019-10-19,2019-10-20,2019-11-03,2019-11-04,2019-10-21,
PIL,Wai Gao Qiao Terminal 2,Algeciras - ML Terminal,475,393,393,0,0,"Seaco,Textainer",2019-10-19,2019-10-20,2019-10-27,2019-10-30,2019-10-21,
Maersk,Ningbo Meishan Island International,Colombo International CT Terminal,483,344,344,0,0,"Seaco,Textainer",2019-10-19,2019-10-20,2019-10-29,2019-11-02,2019-10-21,
PIL,Taipei Port Container Terminal Corp,Container Terminal 2,316,407,407,0,0,"Seaco,Textainer",2019-10-19,2019-10-26,2019-11-03,2019-11-05,2019-10-27,
Maersk,Lianyungang Miaoling Port Area,Container Terminal,366,405,405,0,0,"Seaco,Textainer",2019-10-20,2019-10-21,2019-11-02,2019-11-09,2019-10-22,
Hapaq-Lloyd,FELIXSTOWE TRINITY TERMINAL,Wai Gao Qiao Terminal 2,467,200,200,0,0,"Seaco,Textainer",2019-10-20,2019-10-26,2019-11-07,2019-11-11,2019-10-27,
MSC,Yantian International Cont Terminal,Hanjin Busan New Port Co. Ltd,450,77,77,0,0,"Seaco,Textainer",2019-10-21,2019-10-27,2019-11-07,2019-11-13,2019-10-28,
Maersk,SSA T-30,Bukai,410,183,183,0,0,"Seaco,Textainer",2019-10-21,2019-10-22,2019-11-01,2019-11-05,2019-10-23,
Maersk,Canal Zone Terminal,Canal Zone Terminal,165,116,116,0,0,"Seaco,Textainer",2019-10-21,2019-10-22,2019-10-31,2019-11-04,2019-10-23,
Maersk,Taipei Port Container Terminal Corp,Algeciras - ML Terminal,498,213,213,0,0,"Seaco,Textainer",2019-10-21,2019-10-28,2019-11-04,2019-11-08,2019-10-29,
Hapaq-Lloyd,Canal Zone Terminal,Guangzhou South China Ocean Gate,406,86,86,0,0,"Seaco,Textainer",2019-10-22,2019-10-25,2019-11-02,2019-11-07,2019-10-26,
Maersk,Pacific Container Terminal,SSA T-30,274,272,272,0,0,"Seaco,Textainer",2019-10-23,2019-10-27,2019-11-06,2019-11-09,2019-10-28,
Maersk,Algeciras - ML Terminal,Lianyungang Miaoling Port Area,180,401,401,0,0,"Seaco,Textainer",2019-10-23,2019-10-24,2019-11-04,2019-11-11,2019-10-25,
PIL,Guangzhou South China Ocean Gate,Colombo International CT Terminal,256,126,126,0,0,"Seaco,Textainer",2019-10-23,2019-10-27,2019-11-10,2019-11-15,2019-10-28,
Maersk,Pacific Container Terminal,Wai Gao Qiao Terminal 2,325,95,95,0,0,"Seaco,Textainer",2019-10-23,2019-10-25,2019-11-03,2019-11-08,2019-10-26,
CMA-CGM,Dubai World,Dubai World,164,397,397,0,0,"Seaco,Textainer",2019-10-24,2019-10-29,2019-11-10,2019-11-17,2019-10-30,
CMA-CGM,Port Vostochniy Terminal,Pacific Container Terminal,494,400,400,0,0,"Seaco,Textainer",2019-10-24,2019-10-29,2019-11-09,2019-11-13,2019-10-30,
CMA-CGM,Bukai,SCT 5,202,362,362,0,0,"Seaco,Textainer",2019-10-24,2019-10-26,2019-11-08,2019-11-11,2019-10-27,
MSC,EMC Terminal - 116,Bukai,401,145,145,0,0,"Seaco,Textainer",2019-10-25,2019-10-27,2019-11-09,2019-11-16,2019-10-28,
CMA-CGM,Container Terminal,FELIXSTOWE TRINITY TERMINAL,535,132,132,0,0,"Seaco,Textainer",2019-10-25,2019-10-28,2019-11-08,2019-11-14,2019-10-29,
MSC,Qingdao Qianwan Container Terminal,Taipei Port Container Terminal Corp,259,388,388,0,0,"Seaco,Textainer",2019-10-25,2019-10-31,2019-11-07,2019-11-10,2019-11-01,
Maersk,Oak Intl Cont Term Berth 58/Z985,Wai Gao Qiao Terminal 2,272,131,131,0,0,"Seaco,Textainer",2019-10-25,2019-10-27,2019-11-08,2019-11-14,2019-10-28,
MSC,Bukai,Lianyungang Miaoling Port Area,357,216,216,0,0,"Seaco,Textainer",2019-10-25,2019-10-31,2019-11-12,2019-11-19,2019-11-01,
Hapaq-Lloyd,Bukai,Wai Gao Qiao Terminal 2,456,316,316,0,0,"Seaco,Textainer",2019-10-26,2019-10-31,2019-11-12,2019-11-16,2019-11-01,
Maersk,Terminal de France,Wai Gao Qiao Terminal 2,255,333,333,0,0,"Seaco,Textainer",2019-10-26,2019-10-27,2019-11-07,2019-11-08,2019-10-28,
PIL,Deurganck Terminal Quays 1732-1742,Ningbo Meishan Island International,409,149,149,0,0,"Seaco,Textainer",2019-10-27,2019-10-29,2019-11-09,2019-11-11,2019-10-30,
PIL,Guangzhou South China Ocean Gate,Container Terminal 2,272,213,213,0,0,"Seaco,Textainer",2019-10-27,2019-10-30,2019-11-12,2019-11-19,2019-10-31,
MSC,Pacific Container Terminal,Guangzhou South China Ocean Gate,410,187,187,0,0,"Seaco,Textainer",2019-10-29,2019-11-03,2019-11-14,2019-11-18,2019-11-04,
CMA-CGM,Deurganck Terminal Quays 1732-1742,Algeciras - ML Terminal,326,197,197,0,0,"Seaco,Textainer",2019-10-29,2019-10-30,2019-11-12,2019-11-19,2019-10-31,
Maersk,Container Terminal,FELIXSTOWE TRINITY TERMINAL,243,94,94,0,0,"Seaco,Textainer",2019-10-29,2019-11-02,2019-11-13,2019-11-15,2019-11-03,
CMA-CGM,Port Vostochniy Terminal,"Chiwan Container Terminal Co,Ltd",188,82,82,0,0,"Seaco,Textainer",2019-10-29,2019-10-30,2019-11-06,2019-11-11,2019-10-31,
PIL,Deurganck Terminal Quays 1732-1742,Hanjin Busan New Port Co. Ltd,463,133,133,0,0,"Seaco,Textainer",2019-10-30,2019-11-05,2019-11-17,2019-11-19,2019-11-06,
Hapaq-Lloyd,Lianyungang Miaoling Port Area,Lianyungang Miaoling Port Area,229,189,189,0,0,"Seaco,Textainer",2019-10-30,2019-10-31,2019-11-09,2019-11-16,2019-11-01,
PIL,Pacific Container Terminal,SSA T-30,352,404,404,0,0,"Seaco,Textainer",2019-10-30,2019-10-31,2019-11-13,2019-11-21,2019-11-01,
PIL,Qingdao Qianwan Container Terminal,Ningbo Meishan Island International,238,73,73,0,0,"Seaco,Textainer",2019-10-31,2019-11-07,2019-11-17,2019-11-24,2019-11-08,
CMA-CGM,Container Terminal 2,Port Vostochniy Terminal,176,349,349,0,0,"Seaco,Textainer",2019-10-31,2019-11-07,2019-11-16,2019-11-23,2019-11-08,
MSC,Eurogate Container Terminal,Container Terminal,199,138,138,0,0,"Seaco,Textainer",2019-11-01,2019-11-06,2019-11-17,2019-11-19,2019-11-07,
PIL,Port Vostochniy Terminal,Colombo International CT Terminal,329,338,338,0,0,"Seaco,Textainer",2019-11-01,2019-11-04,2019-11-16,2019-11-18,2019-11-05,
Maersk,Algeciras - ML Terminal,Port Vostochniy Terminal,325,207,207,0,0,"Seaco,Textainer",2019-11-02,2019-11-07,2019-11-20,2019-11-21,2019-11-08,
CMA-CGM,EMC Terminal - 116,Lianyungang Miaoling Port Area,323,368,368,0,0,"Seaco,Textainer",2019-11-03,2019-11-04,2019-11-15,2019-11-17,2019-11-05,
CMA-CGM,Yantian International Cont Terminal,Dubai World,400,162,162,0,0,"Seaco,Textainer",2019-11-04,2019-11-11,2019-11-24,2019-11-30,2019-11-12,
PIL,Yantian International Cont Terminal,Bukai,444,141,141,0,0,"Seaco,Textainer",2019-11-04,2019-11-07,2019-11-16,2019-11-18,2019-11-08,
Hapaq-Lloyd,Yantian International Cont Terminal,Deurganck Terminal Quays 1732-1742,430,199,199,0,0,"Seaco,Textainer",2019-11-05,2019-11-12,2019-11-24,2019-11-30,2019-11-13,
CMA-CGM,Yantian International Cont Terminal,SCT 5,182,157,157,0,0,"Seaco,Textainer",2019-11-06,2019-11-10,2019-11-23,2019-11-28,2019-11-11,
PIL,Container Terminal 2,FELIXSTOWE TRINITY TERMINAL,469,423,423,0,0,"Seaco,Textainer",2019-11-06,2019-11-12,2019-11-24,2019-11-29,2019-11-13,
Maersk,SCT 5,Pacific Container Terminal,251,242,242,0,0,"Seaco,Textainer",2019-11-07,2019-11-10,2019-11-18,2019-11-24,2019-11-11,
PIL,SCT 5,Taipei Port Container Terminal Corp,245,91,91,0,0,"Seaco,Textainer",2019-11-07,2019-11-09,2019-11-18,2019-11-21,2019-11-10,
PIL,"Chiwan Container Terminal Co,Ltd",Pacific Container Terminal,343,404,404,0,0,"Seaco,Textainer",2019-11-07,2019-11-13,2019-11-22,2019-11-27,2019-11-14,
PIL,Container Terminal 2,SSA T-30,233,216,216,0,0,"Seaco,Textainer",2019-11-07,2019-11-11,2019-11-23,2019-11-29,2019-11-12,
CMA-CGM,Port Vostochniy Terminal,Eurogate Container Terminal,322,373,373,0,0,"Seaco,Textainer",2019-11-07,2019-11-09,2019-11-18,2019-11-20,2019-11-10,
Maersk,SCT 5,Canal Zone Terminal,557,283,283,0,0,"Seaco,Textainer",2019-11-08,2019-11-10,2019-11-18,2019-11-19,2019-11-11,
Maersk,PSA Singapore Terminal,Pacific Container Terminal,315,376,376,0,0,"Seaco,Textainer",2019-11-08,2019-11-13,2019-11-26,2019-11-30,2019-11-14,
Maersk,Eurogate Container Terminal,Deurganck Terminal Quays 1732-1742,153,383,383,0,0,"Seaco,Textainer",2019-11-08,2019-11-11,2019-11-19,2019-11-24,2019-11-12,
Hapaq-Lloyd,Pacific Container Terminal,PSA Singapore Terminal,452,337,337,0,0,"Seaco,Textainer",2019-11-08,2019-11-12,2019-11-19,2019-11-24,2019-11-13,
CMA-CGM,Qingdao Qianwan Container Terminal,Deurganck Terminal Quays 1732-1742,543,74,74,0,0,"Seaco,Textainer",2019-11-08,2019-11-09,2019-11-16,2019-11-23,2019-11-10,
MSC,Hanjin Busan New Port Co. Ltd,Lianyungang Miaoling Port Area,388,90,90,0,0,"Seaco,Textainer",2019-11-09,2019-11-13,2019-11-26,2019-12-02,2019-11-14,
MSC,Dubai World,Oak Intl Cont Term Berth 58/Z985,486,330,330,0,0,"Seaco,Textainer",2019-11-09,2019-11-14,2019-11-22,2019-11-26,2019-11-15,
Maersk,Container Terminal,Yantian International Cont Terminal,367,418,418,0,0,"Seaco,Textainer",2019-11-09,2019-11-10,2019-11-21,2019-11-25,2019-11-11,
PIL,Port Vostochniy Terminal,Taipei Port Container Terminal Corp,369,381,381,0,0,"Seaco,Textainer",2019-11-09,2019-11-16,2019-11-29,2019-12-06,2019-11-17,
Maersk,Taipei Port Container Terminal Corp,Container Terminal,379,106,106,0,0,"Seaco,Textainer",2019-11-10,2019-11-16,2019-11-28,2019-11-30,2019-11-17,
Hapaq-Lloyd,Port Vostochniy Terminal,Ningbo Meishan Island International,428,206,206,0,0,"Seaco,Textainer",2019-11-10,2019-11-16,2019-11-25,2019-11-27,2019-11-17,
Maersk,Qingdao Qianwan Container Terminal,Hanjin Busan New Port Co. Ltd,231,240,240,0,0,"Seaco,Textainer",2019-11-11,2019-11-14,2019-11-22,2019-11-23,2019-11-15,
Hapaq-Lloyd,Terminal de France,Guangzhou South China Ocean Gate,448,347,347,0,0,"Seaco,Textainer",2019-11-11,2019-11-18,2019-11-27,2019-11-29,2019-11-19,
CMA-CGM,EMC Terminal - 116,Algeciras - ML Terminal,484,193,193,0,0,"Seaco,Textainer",2019-11-12,2019-11-16,2019-11-26,2019-11-28,2019-11-17,
MSC,Colombo International CT Terminal,Taipei Port Container Terminal Corp,216,388,388,0,0,"Seaco,Textainer",2019-11-13,2019-11-14,2019-11-23,2019-11-26,2019-11-15,
CMA-CGM,Yantian International Cont Terminal,Dubai World,207,350,350,0,0,"Seaco,Textainer",2019-11-13,2019-11-16,2019-11-30,2019-12-03,2019-11-17,
Maersk,Colombo International CT Terminal,Container Terminal 2,218,374,374,0,0,"Seaco,Textainer",2019-11-13,2019-11-17,2019-11-27,2019-12-01,2019-11-18,
MSC,SCT 5,"Chiwan Container Terminal Co,Ltd",175,390,390,0,0,"Seaco,Textainer",2019-11-13,2019-11-15,2019-11-22,2019-11-24,2019-11-16,
Hapaq-Lloyd,Taipei Port Container Terminal Corp,Terminal de France,551,416,416,0,0,"Seaco,Textainer",2019-11-14,2019-11-18,2019-11-26,2019-12-01,2019-11-19,
CMA-CGM,Container Terminal 2,Yantian International Cont Terminal,157,210,210,0,0,"Seaco,Textainer",2019-11-14,2019-11-17,2019-11-30,2019-12-07,2019-11-18,
MSC,"Chiwan Container Terminal Co,Ltd",FELIXSTOWE TRINITY TERMINAL,345,173,173,0,0,"Seaco,Textainer",2019-11-14,2019-11-15,2019-11-28,2019-11-30,2019-11-16,
MSC,Qingdao Qianwan Container Terminal,PSA Singapore Terminal,557,322,322,0,0,"Seaco,Textainer",2019-11-15,2019-11-19,2019-11-29,2019-12-05,2019-11-20,
Maersk,Taipei Port Container Terminal Corp,Port Vostochniy Terminal,196,103,103,0,0,"Seaco,Textainer",2019-11-15,2019-11-20,2019-12-03,2019-12-06,2019-11-21,
Maersk,Lianyungang Miaoling Port Area,Qingdao Qianwan Container Terminal,163,144,144,0,0,"Seaco,Textainer",2019-11-15,2019-11-22,2019-12-02,2019-12-10,2019-11-23,
PIL,Wai Gao Qiao Terminal 2,Dedicated Delta South Terminal,500,338,338,0,0,"Seaco,Textainer",2019-11-15,2019-11-20,2019-11-29,2019-12-01,2019-11-21,
CMA-CGM,Eurogate Container Terminal,Container Terminal,240,133,133,0,0,"Seaco,Textainer",2019-11-15,2019-11-16,2019-11-29,2019-12-03,2019-11-17,
CMA-CGM,PSA Singapore Terminal,Ningbo Meishan Island International,495,85,85,0,0,"Seaco,Textainer",2019-11-16,2019-11-20,2019-11-30,2019-12-08,2019-11-21,
Maersk,Taipei Port Container Terminal Corp,Hanjin Busan New Port Co. Ltd,505,147,147,0,0,"Seaco,Textainer",2019-11-16,2019-11-17,2019-11-30,2019-12-05,2019-11-18,
MSC,Yantian International Cont Terminal,EMC Terminal - 116,301,107,107,0,0,"Seaco,Textainer",2019-11-17,2019-11-22,2019-12-04,2019-12-08,2019-11-23,
Maersk,Ningbo Meishan Island International,Yantian International Cont Terminal,312,244,244,0,0,"Seaco,Textainer",2019-11-17,2019-11-21,2019-12-01,2019-12-02,2019-11-22,
MSC,Colombo International CT Terminal,Hanjin Busan New Port Co. Ltd,313,332,332,0,0,"Seaco,Textainer",2019-11-17,2019-11-21,2019-12-01,2019-12-04,2019-11-22,
Maersk,Canal Zone Terminal,Container Terminal 2,487,168,168,0,0,"Seaco,Textainer",2019-11-18,2019-11-24,2019-12-03,2019-12-06,2019-11-25,
Maersk,Colombo International CT Terminal,"Chiwan Container Terminal Co,Ltd",282,321,321,0,0,"Seaco,Textainer",2019-11-18,2019-11-21,2019-12-04,2019-12-06,2019-11-22,
Maersk,Oak Intl Cont Term Berth 58/Z985,Dubai World,497,423,423,0,0,"Seaco,Textainer",2019-11-18,2019-11-24,2019-12-05,2019-12-09,2019-11-25,
Maersk,Colombo International CT Terminal,Taipei Port Container Terminal Corp,207,357,357,0,0,"Seaco,Textainer",2019-11-19,2019-11-25,2019-12-06,2019-12-10,2019-11-26,
CMA-CGM,Hanjin Busan New Port Co. Ltd,PSA Singapore Terminal,270,372,372,0,0,"Seaco,Textainer",2019-11-19,2019-11-26,2019-12-06,2019-12-14,2019-11-27,
MSC,Port Vostochniy Terminal,Qingdao Qianwan Container Terminal,278,364,364,0,0,"Seaco,Textainer",2019-11-19,2019-11-26,2019-12-10,2019-12-14,2019-11-27,
Hapaq-Lloyd,Algeciras - ML Terminal,Container Terminal,520,233,233,0,0,"Seaco,Textainer",2019-11-20,2019-11-25,2019-12-06,2019-12-12,2019-11-26,
PIL,Pacific Container Terminal,PSA Singapore Terminal,222,237,237,0,0,"Seaco,Textainer",2019-11-20,2019-11-22,2019-12-01,2019-12-03,2019-11-23,
CMA-CGM,Dedicated Delta South Terminal,Container Terminal 2,559,326,326,0,0,"Seaco,Textainer",2019-11-21,2019-11-24,2019-12-01,2019-12-06,2019-11-25,
PIL,Guangzhou South China Ocean Gate,Oak Intl Cont Term Berth 58/Z985,184,333,333,0,0,"Seaco,Textainer",2019-11-21,2019-11-23,2019-12-01,2019-12-08,2019-11-24,
PIL,SCT 5,Wai Gao Qiao Terminal 2,490,326,326,0,0,"Seaco,Textainer",2019-11-21,2019-11-26,2019-12-10,2019-12-16,2019-11-27,
MSC,SSA T-30,Taipei Port Container Terminal Corp,250,311,311,0,0,"Seaco,Textainer",2019-11-22,2019-11-27,2019-12-06,2019-12-12,2019-11-28,
CMA-CGM,Hanjin Busan New Port Co. Ltd,Colombo International CT Terminal,342,121,121,0,0,"Seaco,Textainer",2019-11-22,2019-11-25,2019-12-04,2019-12-07,2019-11-26,
MSC,Oak Intl Cont Term Berth 58/Z985,Eurogate Container Terminal,170,120,120,0,0,"Seaco,Textainer",2019-11-22,2019-11-28,2019-12-06,2019-12-07,2019-11-29,
MSC,SCT 5,Bukai,376,134,134,0,0,"Seaco,Textainer",2019-11-22,2019-11-24,2019-12-08,2019-12-16,2019-11-25,
MSC,Guangzhou South China Ocean Gate,Terminal de France,156,391,391,0,0,"Seaco,Textainer",2019-11-23,2019-11-29,2019-12-06,2019-12-08,2019-11-30,
MSC,"Chiwan Container Terminal Co,Ltd",Pacific Container Terminal,209,87,87,0,0,"Seaco,Textainer",2019-11-23,2019-11-26,2019-12-10,2019-12-12,2019-11-27,
Maersk,EMC Terminal - 116,SCT 5,230,384,384,0,0,"Seaco,Textainer",2019-11-23,2019-11-25,2019-12-06,2019-12-10,2019-11-26,
MSC,Wai Gao Qiao Terminal 2,SCT 5,385,158,158,0,0,"Seaco,Textainer",2019-11-23,2019-11-28,2019-12-05,2019-12-11,2019-11-29,
PIL,SCT 5,Container Terminal,503,74,74,0,0,"Seaco,Textainer",2019-11-24,2019-11-29,2019-12-11,2019-12-16,2019-11-30,
MSC,Terminal de France,Lianyungang Miaoling Port Area,471,297,297,0,0,"Seaco,Textainer",2019-11-24,2019-11-26,2019-12-08,2019-12-11,2019-11-27,
PIL,FELIXSTOWE TRINITY TERMINAL,Hanjin Busan New Port Co. Ltd,184,256,256,0,0,"Seaco,Textainer",2019-11-24,2019-11-25,2019-12-02,2019-12-07,2019-11-26,
PIL,Yantian International Cont Terminal,Algeciras - ML Terminal,293,199,199,0,0,"Seaco,Textainer",2019-11-25,2019-11-28,2019-12-05,2019-12-09,2019-11-29,
Hapaq-Lloyd,"Chiwan Container Terminal Co,Ltd",Deurganck Terminal Quays 1732-1742,360,370,370,0,0,"Seaco,Textainer",2019-11-25,2019-12-01,2019-12-10,2019-12-16,2019-12-02,
MSC,Yantian International Cont Terminal,Colombo International CT Terminal,190,213,213,0,0,"Seaco,Textainer",2019-11-26,2019-11-30,2019-12-09,2019-12-17,2019-12-01,
PIL,Container Terminal,Oak Intl Cont Term Berth 58/Z985,272,194,194,0,0,"Seaco,Textainer",2019-11-26,2019-11-28,2019-12-05,2019-12-08,2019-11-29,
MSC,Lianyungang Miaoling Port Area,Terminal de France,543,424,424,0,0,"Seaco,Textainer",2019-11-26,2019-11-30,2019-12-08,2019-12-09,2019-12-01,
Hapaq-Lloyd,Yantian International Cont Terminal,Dedicated Delta South Terminal,407,245,245,0,0,"Seaco,Textainer",2019-11-27,2019-11-29,2019-12-08,2019-12-13,2019-11-30,
PIL,Algeciras - ML Terminal,Algeciras - ML Terminal,510,91,91,0,0,"Seaco,Textainer",2019-11-27,2019-12-04,2019-12-17,2019-12-19,2019-12-05,
CMA-CGM,Colombo International CT Terminal,Hanjin Busan New Port Co. Ltd,294,316,316,0,0,"Seaco,Textainer",2019-11-27,2019-11-28,2019-12-10,2019-12-17,2019-11-29,
CMA-CGM,Bukai,SCT 5,436,84,84,0,0,"Seaco,Textainer",2019-11-28,2019-11-29,2019-12-11,2019-12-14,2019-11-30,